time,qw,qx,qy,qz,ECIx,ECIy,ECIz
0.0,0.7071067811865476,0.7071067811865476,0.0,0.0,-12.32691165665816,4215.534296188868,5318.530945682411
3.3444816053511706,0.7071067811865476,0.7071067811865476,0.0,0.0,-12.32691165665816,4215.534296188868,5318.530945682411
6.688963210702341,0.7071067811865476,0.7071067811865476,0.0,0.0,-12.32691165665816,4215.534296188868,5318.530945682411
10.033444816053512,0.7071067811865476,0.7071067811865476,0.0,0.0,-12.32691165665816,4215.534296188868,5318.530945682411
13.377926421404682,0.7071067811865476,0.7071067811865476,0.0,0.0,-12.32691165665816,4215.534296188868,5318.530945682411
16.722408026755854,0.7071067811865476,0.7071067811865476,0.0,0.0,-12.32691165665816,4215.534296188868,5318.530945682411
20.066889632107024,0.7071067811865476,0.7071067811865476,0.0,0.0,-12.32691165665816,4215.534296188868,5318.530945682411
23.411371237458194,0.7071067811865476,0.7071067811865476,0.0,0.0,-12.32691165665816,4215.534296188868,5318.530945682411
26.755852842809364,0.7071067811865476,0.7071067811865476,0.0,0.0,-12.32691165665816,4215.534296188868,5318.530945682411
30.100334448160535,0.7071067811865476,0.7071067811865476,0.0,0.0,-12.32691165665816,4215.534296188868,5318.530945682411
33.44481605351171,0.7071067811865476,0.7071067811865476,0.0,0.0,-12.32691165665816,4215.534296188868,5318.530945682411
36.78929765886288,0.7071067811865476,0.7071067811865476,0.0,0.0,-12.32691165665816,4215.534296188868,5318.530945682411
40.13377926421405,0.7071067811865476,0.7071067811865476,0.0,0.0,-12.32691165665816,4215.534296188868,5318.530945682411
43.47826086956522,0.7071067811865476,0.7071067811865476,0.0,0.0,-12.32691165665816,4215.534296188868,5318.530945682411
46.82274247491639,0.7071067811865476,0.7071067811865476,0.0,0.0,-12.32691165665816,4215.534296188868,5318.530945682411
50.16722408026756,0.7071067811865476,0.7071067811865476,0.0,0.0,-12.32691165665816,4215.534296188868,5318.530945682411
53.51170568561873,0.7071067811865476,0.7071067811865476,0.0,0.0,-12.32691165665816,4215.534296188868,5318.530945682411
56.8561872909699,0.7071067811865476,0.7071067811865476,0.0,0.0,-12.32691165665816,4215.534296188868,5318.530945682411
60.20066889632107,0.7071067811865476,0.7071067811865476,0.0,0.0,-12.32691165665816,4215.534296188868,5318.530945682411
63.54515050167224,0.7071067811865476,0.7071067811865476,0.0,0.0,-12.32691165665816,4215.534296188868,5318.530945682411
66.88963210702342,0.7071067811865476,0.7071067811865476,0.0,0.0,-12.32691165665816,4215.534296188868,5318.530945682411
70.23411371237458,0.7071067811865476,0.7071067811865476,0.0,0.0,-12.32691165665816,4215.534296188868,5318.530945682411
73.57859531772576,0.7071067811865476,0.7071067811865476,0.0,0.0,-12.32691165665816,4215.534296188868,5318.530945682411
76.92307692307692,0.7071067811865476,0.7071067811865476,0.0,0.0,-12.32691165665816,4215.534296188868,5318.530945682411
80.2675585284281,0.7071067811865476,0.7071067811865476,0.0,0.0,-12.32691165665816,4215.534296188868,5318.530945682411
83.61204013377926,0.7071067811865476,0.7071067811865476,0.0,0.0,-12.32691165665816,4215.534296188868,5318.530945682411
86.95652173913044,0.7071067811865476,0.7071067811865476,0.0,0.0,-12.32691165665816,4215.534296188868,5318.530945682411
90.3010033444816,0.7071067811865476,0.7071067811865476,0.0,0.0,-12.32691165665816,4215.534296188868,5318.530945682411
93.64548494983278,0.7071067811865476,0.7071067811865476,0.0,0.0,-12.32691165665816,4215.534296188868,5318.530945682411
96.98996655518394,0.7071067811865476,0.7071067811865476,0.0,0.0,-12.32691165665816,4215.534296188868,5318.530945682411
100.33444816053512,0.7071067811865476,0.7071067811865476,0.0,0.0,-12.32691165665816,4215.534296188868,5318.530945682411
103.67892976588628,0.7071067811865476,0.7071067811865476,0.0,0.0,-12.32691165665816,4215.534296188868,5318.530945682411
107.02341137123746,0.7071067811865476,0.7071067811865476,0.0,0.0,-12.32691165665816,4215.534296188868,5318.530945682411
110.36789297658864,0.7071067811865476,0.7071067811865476,0.0,0.0,-12.32691165665816,4215.534296188868,5318.530945682411
113.7123745819398,0.7071067811865476,0.7071067811865476,0.0,0.0,-12.32691165665816,4215.534296188868,5318.530945682411
117.05685618729098,0.7071067811865476,0.7071067811865476,0.0,0.0,-12.32691165665816,4215.534296188868,5318.530945682411
120.40133779264214,0.7071067811865476,0.7071067811865476,0.0,0.0,-12.32691165665816,4215.534296188868,5318.530945682411
123.74581939799332,0.7071067811865476,0.7071067811865476,0.0,0.0,-12.32691165665816,4215.534296188868,5318.530945682411
127.09030100334448,0.7071067811865476,0.7071067811865476,0.0,0.0,-12.32691165665816,4215.534296188868,5318.530945682411
130.43478260869566,0.7071067811865476,0.7071067811865476,0.0,0.0,-12.32691165665816,4215.534296188868,5318.530945682411
133.77926421404683,0.7071067811865476,0.7071067811865476,0.0,0.0,-12.32691165665816,4215.534296188868,5318.530945682411
137.12374581939798,0.7071067811865476,0.7071067811865476,0.0,0.0,-12.32691165665816,4215.534296188868,5318.530945682411
140.46822742474916,0.7071067811865476,0.7071067811865476,0.0,0.0,-12.32691165665816,4215.534296188868,5318.530945682411
143.81270903010034,0.7071067811865476,0.7071067811865476,0.0,0.0,-12.32691165665816,4215.534296188868,5318.530945682411
147.1571906354515,0.7071067811865476,0.7071067811865476,0.0,0.0,-12.32691165665816,4215.534296188868,5318.530945682411
150.50167224080266,0.7071067811865476,0.7071067811865476,0.0,0.0,-12.32691165665816,4215.534296188868,5318.530945682411
153.84615384615384,0.7071067811865476,0.7071067811865476,0.0,0.0,-12.32691165665816,4215.534296188868,5318.530945682411
157.19063545150502,0.7071067811865476,0.7071067811865476,0.0,0.0,-12.32691165665816,4215.534296188868,5318.530945682411
160.5351170568562,0.7071067811865476,0.7071067811865476,0.0,0.0,-12.32691165665816,4215.534296188868,5318.530945682411
163.87959866220737,0.7071067811865476,0.7071067811865476,0.0,0.0,-12.32691165665816,4215.534296188868,5318.530945682411
167.22408026755852,0.7071067811865476,0.7071067811865476,0.0,0.0,-12.32691165665816,4215.534296188868,5318.530945682411
170.5685618729097,0.7071067811865476,0.7071067811865476,0.0,0.0,-12.32691165665816,4215.534296188868,5318.530945682411
173.91304347826087,0.7071067811865476,0.7071067811865476,0.0,0.0,-12.32691165665816,4215.534296188868,5318.530945682411
177.25752508361205,0.7071067811865476,0.7071067811865476,0.0,0.0,-12.32691165665816,4215.534296188868,5318.530945682411
180.6020066889632,0.7071067811865476,0.7071067811865476,0.0,0.0,-12.32691165665816,4215.534296188868,5318.530945682411
183.94648829431438,0.7071067811865476,0.7071067811865476,0.0,0.0,-12.32691165665816,4215.534296188868,5318.530945682411
187.29096989966555,0.7071067811865476,0.7071067811865476,0.0,0.0,-12.32691165665816,4215.534296188868,5318.530945682411
190.63545150501673,0.7071067811865476,0.7071067811865476,0.0,0.0,-12.32691165665816,4215.534296188868,5318.530945682411
193.97993311036788,0.7071067811865476,0.7071067811865476,0.0,0.0,-12.32691165665816,4215.534296188868,5318.530945682411
197.32441471571906,0.7071067811865476,0.7071067811865476,0.0,0.0,-12.32691165665816,4215.534296188868,5318.530945682411
200.66889632107024,0.7071067811865476,0.7071067811865476,0.0,0.0,-12.32691165665816,4215.534296188868,5318.530945682411
204.0133779264214,0.7071067811865476,0.7071067811865476,0.0,0.0,-12.32691165665816,4215.534296188868,5318.530945682411
207.35785953177256,0.7071067811865476,0.7071067811865476,0.0,0.0,-12.32691165665816,4215.534296188868,5318.530945682411
210.70234113712374,0.7071067811865476,0.7071067811865476,0.0,0.0,-12.32691165665816,4215.534296188868,5318.530945682411
214.04682274247492,0.7071067811865476,0.7071067811865476,0.0,0.0,-12.32691165665816,4215.534296188868,5318.530945682411
217.3913043478261,0.7071067811865476,0.7071067811865476,0.0,0.0,-12.32691165665816,4215.534296188868,5318.530945682411
220.73578595317727,0.7071067811865476,0.7071067811865476,0.0,0.0,-12.32691165665816,4215.534296188868,5318.530945682411
224.08026755852842,0.7071067811865476,0.7071067811865476,0.0,0.0,-12.32691165665816,4215.534296188868,5318.530945682411
227.4247491638796,0.7071067811865476,0.7071067811865476,0.0,0.0,-12.32691165665816,4215.534296188868,5318.530945682411
230.76923076923077,0.7071067811865476,0.7071067811865476,0.0,0.0,-12.32691165665816,4215.534296188868,5318.530945682411
234.11371237458195,0.7071067811865476,0.7071067811865476,0.0,0.0,-12.32691165665816,4215.534296188868,5318.530945682411
237.4581939799331,0.7071067811865476,0.7071067811865476,0.0,0.0,-12.32691165665816,4215.534296188868,5318.530945682411
240.80267558528428,0.7071067811865476,0.7071067811865476,0.0,0.0,-12.32691165665816,4215.534296188868,5318.530945682411
244.14715719063545,0.7071067811865476,0.7071067811865476,0.0,0.0,-12.32691165665816,4215.534296188868,5318.530945682411
247.49163879598663,0.7071067811865476,0.7071067811865476,0.0,0.0,-12.32691165665816,4215.534296188868,5318.530945682411
250.83612040133778,0.7071067811865476,0.7071067811865476,0.0,0.0,-12.32691165665816,4215.534296188868,5318.530945682411
254.18060200668896,0.7071067811865476,0.7071067811865476,0.0,0.0,-12.32691165665816,4215.534296188868,5318.530945682411
257.52508361204013,0.7071067811865476,0.7071067811865476,0.0,0.0,-12.32691165665816,4215.534296188868,5318.530945682411
260.8695652173913,0.7071067811865476,0.7071067811865476,0.0,0.0,-12.32691165665816,4215.534296188868,5318.530945682411
264.2140468227425,0.7071067811865476,0.7071067811865476,0.0,0.0,-12.32691165665816,4215.534296188868,5318.530945682411
267.55852842809367,0.7071067811865476,0.7071067811865476,0.0,0.0,-12.32691165665816,4215.534296188868,5318.530945682411
270.90301003344484,0.7071067811865476,0.7071067811865476,0.0,0.0,-12.32691165665816,4215.534296188868,5318.530945682411
274.24749163879596,0.7071067811865476,0.7071067811865476,0.0,0.0,-12.32691165665816,4215.534296188868,5318.530945682411
277.59197324414714,0.7071067811865476,0.7071067811865476,0.0,0.0,-12.32691165665816,4215.534296188868,5318.530945682411
280.9364548494983,0.7071067811865476,0.7071067811865476,0.0,0.0,-12.32691165665816,4215.534296188868,5318.530945682411
284.2809364548495,0.7071067811865476,0.7071067811865476,0.0,0.0,-12.32691165665816,4215.534296188868,5318.530945682411
287.6254180602007,0.7071067811865476,0.7071067811865476,0.0,0.0,-12.32691165665816,4215.534296188868,5318.530945682411
290.96989966555185,0.7071067811865476,0.7071067811865476,0.0,0.0,-12.32691165665816,4215.534296188868,5318.530945682411
294.314381270903,0.7071067811865476,0.7071067811865476,0.0,0.0,-12.32691165665816,4215.534296188868,5318.530945682411
297.6588628762542,0.7071067811865476,0.7071067811865476,0.0,0.0,-12.32691165665816,4215.534296188868,5318.530945682411
301.0033444816053,0.7071067811865476,0.7071067811865476,0.0,0.0,-12.32691165665816,4215.534296188868,5318.530945682411
304.3478260869565,0.7071067811865476,0.7071067811865476,0.0,0.0,-12.32691165665816,4215.534296188868,5318.530945682411
307.6923076923077,0.7071067811865476,0.7071067811865476,0.0,0.0,-12.32691165665816,4215.534296188868,5318.530945682411
311.03678929765886,0.7071067811865476,0.7071067811865476,0.0,0.0,-12.32691165665816,4215.534296188868,5318.530945682411
314.38127090301003,0.7071067811865476,0.7071067811865476,0.0,0.0,-12.32691165665816,4215.534296188868,5318.530945682411
317.7257525083612,0.7071067811865476,0.7071067811865476,0.0,0.0,-12.32691165665816,4215.534296188868,5318.530945682411
321.0702341137124,0.7071067811865476,0.7071067811865476,0.0,0.0,-12.32691165665816,4215.534296188868,5318.530945682411
324.41471571906357,0.7071067811865476,0.7071067811865476,0.0,0.0,-12.32691165665816,4215.534296188868,5318.530945682411
327.75919732441474,0.7071067811865476,0.7071067811865476,0.0,0.0,-12.32691165665816,4215.534296188868,5318.530945682411
331.10367892976586,0.7071067811865476,0.7071067811865476,0.0,0.0,-12.32691165665816,4215.534296188868,5318.530945682411
334.44816053511704,0.7071067811865476,0.7071067811865476,0.0,0.0,-12.32691165665816,4215.534296188868,5318.530945682411
337.7926421404682,0.7071067811865476,0.7071067811865476,0.0,0.0,-12.32691165665816,4215.534296188868,5318.530945682411
341.1371237458194,0.7071067811865476,0.7071067811865476,0.0,0.0,-12.32691165665816,4215.534296188868,5318.530945682411
344.4816053511706,0.7071067811865476,0.7071067811865476,0.0,0.0,-12.32691165665816,4215.534296188868,5318.530945682411
347.82608695652175,0.7071067811865476,0.7071067811865476,0.0,0.0,-12.32691165665816,4215.534296188868,5318.530945682411
351.1705685618729,0.7071067811865476,0.7071067811865476,0.0,0.0,-12.32691165665816,4215.534296188868,5318.530945682411
354.5150501672241,0.7071067811865476,0.7071067811865476,0.0,0.0,-12.32691165665816,4215.534296188868,5318.530945682411
357.8595317725752,0.7071067811865476,0.7071067811865476,0.0,0.0,-12.32691165665816,4215.534296188868,5318.530945682411
361.2040133779264,0.7071067811865476,0.7071067811865476,0.0,0.0,-12.32691165665816,4215.534296188868,5318.530945682411
364.5484949832776,0.7071067811865476,0.7071067811865476,0.0,0.0,-12.32691165665816,4215.534296188868,5318.530945682411
367.89297658862876,0.7071067811865476,0.7071067811865476,0.0,0.0,-12.32691165665816,4215.534296188868,5318.530945682411
371.23745819397993,0.7071067811865476,0.7071067811865476,0.0,0.0,-12.32691165665816,4215.534296188868,5318.530945682411
374.5819397993311,0.7071067811865476,0.7071067811865476,0.0,0.0,-12.32691165665816,4215.534296188868,5318.530945682411
377.9264214046823,0.7071067811865476,0.7071067811865476,0.0,0.0,-12.32691165665816,4215.534296188868,5318.530945682411
381.27090301003346,0.7071067811865476,0.7071067811865476,0.0,0.0,-12.32691165665816,4215.534296188868,5318.530945682411
384.61538461538464,0.7071067811865476,0.7071067811865476,0.0,0.0,-12.32691165665816,4215.534296188868,5318.530945682411
387.95986622073576,0.7071067811865476,0.7071067811865476,0.0,0.0,-12.32691165665816,4215.534296188868,5318.530945682411
391.30434782608694,0.7071067811865476,0.7071067811865476,0.0,0.0,-12.32691165665816,4215.534296188868,5318.530945682411
394.6488294314381,0.7071067811865476,0.7071067811865476,0.0,0.0,-12.32691165665816,4215.534296188868,5318.530945682411
397.9933110367893,0.7071067811865476,0.7071067811865476,0.0,0.0,-12.32691165665816,4215.534296188868,5318.530945682411
401.33779264214047,0.7071067811865476,0.7071067811865476,0.0,0.0,-12.32691165665816,4215.534296188868,5318.530945682411
404.68227424749165,0.7071067811865476,0.7071067811865476,0.0,0.0,-12.32691165665816,4215.534296188868,5318.530945682411
408.0267558528428,0.7071067811865476,0.7071067811865476,0.0,0.0,-12.32691165665816,4215.534296188868,5318.530945682411
411.371237458194,0.7071067811865476,0.7071067811865476,0.0,0.0,-12.32691165665816,4215.534296188868,5318.530945682411
414.7157190635451,0.7071067811865476,0.7071067811865476,0.0,0.0,-12.32691165665816,4215.534296188868,5318.530945682411
418.0602006688963,0.7071067811865476,0.7071067811865476,0.0,0.0,-12.32691165665816,4215.534296188868,5318.530945682411
421.4046822742475,0.7071067811865476,0.7071067811865476,0.0,0.0,-12.32691165665816,4215.534296188868,5318.530945682411
424.74916387959865,0.7071067811865476,0.7071067811865476,0.0,0.0,-12.32691165665816,4215.534296188868,5318.530945682411
428.09364548494983,0.7071067811865476,0.7071067811865476,0.0,0.0,-12.32691165665816,4215.534296188868,5318.530945682411
431.438127090301,0.7071067811865476,0.7071067811865476,0.0,0.0,-12.32691165665816,4215.534296188868,5318.530945682411
434.7826086956522,0.7071067811865476,0.7071067811865476,0.0,0.0,-12.32691165665816,4215.534296188868,5318.530945682411
438.12709030100336,0.7071067811865476,0.7071067811865476,0.0,0.0,-12.32691165665816,4215.534296188868,5318.530945682411
441.47157190635454,0.7071067811865476,0.7071067811865476,0.0,0.0,-12.32691165665816,4215.534296188868,5318.530945682411
444.81605351170566,0.7071067811865476,0.7071067811865476,0.0,0.0,-12.32691165665816,4215.534296188868,5318.530945682411
448.16053511705684,0.7071067811865476,0.7071067811865476,0.0,0.0,-12.32691165665816,4215.534296188868,5318.530945682411
451.505016722408,0.7071067811865476,0.7071067811865476,0.0,0.0,-12.32691165665816,4215.534296188868,5318.530945682411
454.8494983277592,0.7071067811865476,0.7071067811865476,0.0,0.0,-12.32691165665816,4215.534296188868,5318.530945682411
458.19397993311037,0.7071067811865476,0.7071067811865476,0.0,0.0,-12.32691165665816,4215.534296188868,5318.530945682411
461.53846153846155,0.7071067811865476,0.7071067811865476,0.0,0.0,-12.32691165665816,4215.534296188868,5318.530945682411
464.8829431438127,0.7071067811865476,0.7071067811865476,0.0,0.0,-12.32691165665816,4215.534296188868,5318.530945682411
468.2274247491639,0.7071067811865476,0.7071067811865476,0.0,0.0,-12.32691165665816,4215.534296188868,5318.530945682411
471.571906354515,0.7071067811865476,0.7071067811865476,0.0,0.0,-12.32691165665816,4215.534296188868,5318.530945682411
474.9163879598662,0.7071067811865476,0.7071067811865476,0.0,0.0,-12.32691165665816,4215.534296188868,5318.530945682411
478.2608695652174,0.7071067811865476,0.7071067811865476,0.0,0.0,-12.32691165665816,4215.534296188868,5318.530945682411
481.60535117056855,0.7071067811865476,0.7071067811865476,0.0,0.0,-12.32691165665816,4215.534296188868,5318.530945682411
484.94983277591973,0.7071067811865476,0.7071067811865476,0.0,0.0,-12.32691165665816,4215.534296188868,5318.530945682411
488.2943143812709,0.7071067811865476,0.7071067811865476,0.0,0.0,-12.32691165665816,4215.534296188868,5318.530945682411
491.6387959866221,0.7071067811865476,0.7071067811865476,0.0,0.0,-12.32691165665816,4215.534296188868,5318.530945682411
494.98327759197326,0.7071067811865476,0.7071067811865476,0.0,0.0,-12.32691165665816,4215.534296188868,5318.530945682411
498.32775919732444,0.7071067811865476,0.7071067811865476,0.0,0.0,-12.32691165665816,4215.534296188868,5318.530945682411
501.67224080267556,0.7071067811865476,0.7071067811865476,0.0,0.0,-12.32691165665816,4215.534296188868,5318.530945682411
505.01672240802674,0.7071067811865476,0.7071067811865476,0.0,0.0,-12.32691165665816,4215.534296188868,5318.530945682411
508.3612040133779,0.7071067811865476,0.7071067811865476,0.0,0.0,-12.32691165665816,4215.534296188868,5318.530945682411
511.7056856187291,0.7071067811865476,0.7071067811865476,0.0,0.0,-12.32691165665816,4215.534296188868,5318.530945682411
515.0501672240803,0.7071067811865476,0.7071067811865476,0.0,0.0,-12.32691165665816,4215.534296188868,5318.530945682411
518.3946488294314,0.7071067811865476,0.7071067811865476,0.0,0.0,-12.32691165665816,4215.534296188868,5318.530945682411
521.7391304347826,0.7071067811865476,0.7071067811865476,0.0,0.0,-12.32691165665816,4215.534296188868,5318.530945682411
525.0836120401337,0.7071067811865476,0.7071067811865476,0.0,0.0,-12.32691165665816,4215.534296188868,5318.530945682411
528.428093645485,0.7071067811865476,0.7071067811865476,0.0,0.0,-12.32691165665816,4215.534296188868,5318.530945682411
531.7725752508361,0.7071067811865476,0.7071067811865476,0.0,0.0,-12.32691165665816,4215.534296188868,5318.530945682411
535.1170568561873,0.7071067811865476,0.7071067811865476,0.0,0.0,-12.32691165665816,4215.534296188868,5318.530945682411
538.4615384615385,0.7071067811865476,0.7071067811865476,0.0,0.0,-12.32691165665816,4215.534296188868,5318.530945682411
541.8060200668897,0.7071067811865476,0.7071067811865476,0.0,0.0,-12.32691165665816,4215.534296188868,5318.530945682411
545.1505016722408,0.7071067811865476,0.7071067811865476,0.0,0.0,-12.32691165665816,4215.534296188868,5318.530945682411
548.4949832775919,0.7071067811865476,0.7071067811865476,0.0,0.0,-12.32691165665816,4215.534296188868,5318.530945682411
551.8394648829432,0.7071067811865476,0.7071067811865476,0.0,0.0,-12.32691165665816,4215.534296188868,5318.530945682411
555.1839464882943,0.7071067811865476,0.7071067811865476,0.0,0.0,-12.32691165665816,4215.534296188868,5318.530945682411
558.5284280936455,0.7071067811865476,0.7071067811865476,0.0,0.0,-12.32691165665816,4215.534296188868,5318.530945682411
561.8729096989966,0.7071067811865476,0.7071067811865476,0.0,0.0,-12.32691165665816,4215.534296188868,5318.530945682411
565.2173913043479,0.7071067811865476,0.7071067811865476,0.0,0.0,-12.32691165665816,4215.534296188868,5318.530945682411
568.561872909699,0.7071067811865476,0.7071067811865476,0.0,0.0,-12.32691165665816,4215.534296188868,5318.530945682411
571.9063545150501,0.7071067811865476,0.7071067811865476,0.0,0.0,-12.32691165665816,4215.534296188868,5318.530945682411
575.2508361204013,0.7071067811865476,0.7071067811865476,0.0,0.0,-12.32691165665816,4215.534296188868,5318.530945682411
578.5953177257525,0.7071067811865476,0.7071067811865476,0.0,0.0,-12.32691165665816,4215.534296188868,5318.530945682411
581.9397993311037,0.7071067811865476,0.7071067811865476,0.0,0.0,-12.32691165665816,4215.534296188868,5318.530945682411
585.2842809364548,0.7071067811865476,0.7071067811865476,0.0,0.0,-12.32691165665816,4215.534296188868,5318.530945682411
588.628762541806,0.7071067811865476,0.7071067811865476,0.0,0.0,-12.32691165665816,4215.534296188868,5318.530945682411
591.9732441471572,0.7071067811865476,0.7071067811865476,0.0,0.0,-12.32691165665816,4215.534296188868,5318.530945682411
595.3177257525084,0.7071067811865476,0.7071067811865476,0.0,0.0,-12.32691165665816,4215.534296188868,5318.530945682411
598.6622073578595,0.7071067811865476,0.7071067811865476,0.0,0.0,-12.32691165665816,4215.534296188868,5318.530945682411
602.0066889632106,0.7071067811865476,0.7071067811865476,0.0,0.0,-12.32691165665816,4215.534296188868,5318.530945682411
605.3511705685619,0.7071067811865476,0.7071067811865476,0.0,0.0,-12.32691165665816,4215.534296188868,5318.530945682411
608.695652173913,0.7071067811865476,0.7071067811865476,0.0,0.0,-12.32691165665816,4215.534296188868,5318.530945682411
612.0401337792642,0.7071067811865476,0.7071067811865476,0.0,0.0,-12.32691165665816,4215.534296188868,5318.530945682411
615.3846153846154,0.7071067811865476,0.7071067811865476,0.0,0.0,-12.32691165665816,4215.534296188868,5318.530945682411
618.7290969899666,0.7071067811865476,0.7071067811865476,0.0,0.0,-12.32691165665816,4215.534296188868,5318.530945682411
622.0735785953177,0.7071067811865476,0.7071067811865476,0.0,0.0,-12.32691165665816,4215.534296188868,5318.530945682411
625.418060200669,0.7071067811865476,0.7071067811865476,0.0,0.0,-12.32691165665816,4215.534296188868,5318.530945682411
628.7625418060201,0.7071067811865476,0.7071067811865476,0.0,0.0,-12.32691165665816,4215.534296188868,5318.530945682411
632.1070234113712,0.7071067811865476,0.7071067811865476,0.0,0.0,-12.32691165665816,4215.534296188868,5318.530945682411
635.4515050167224,0.7071067811865476,0.7071067811865476,0.0,0.0,-12.32691165665816,4215.534296188868,5318.530945682411
638.7959866220735,0.7071067811865476,0.7071067811865476,0.0,0.0,-12.32691165665816,4215.534296188868,5318.530945682411
642.1404682274248,0.7071067811865476,0.7071067811865476,0.0,0.0,-12.32691165665816,4215.534296188868,5318.530945682411
645.4849498327759,0.7071067811865476,0.7071067811865476,0.0,0.0,-12.32691165665816,4215.534296188868,5318.530945682411
648.8294314381271,0.7071067811865476,0.7071067811865476,0.0,0.0,-12.32691165665816,4215.534296188868,5318.530945682411
652.1739130434783,0.7071067811865476,0.7071067811865476,0.0,0.0,-12.32691165665816,4215.534296188868,5318.530945682411
655.5183946488295,0.7071067811865476,0.7071067811865476,0.0,0.0,-12.32691165665816,4215.534296188868,5318.530945682411
658.8628762541806,0.7071067811865476,0.7071067811865476,0.0,0.0,-12.32691165665816,4215.534296188868,5318.530945682411
662.2073578595317,0.7071067811865476,0.7071067811865476,0.0,0.0,-12.32691165665816,4215.534296188868,5318.530945682411
665.551839464883,0.7071067811865476,0.7071067811865476,0.0,0.0,-12.32691165665816,4215.534296188868,5318.530945682411
668.8963210702341,0.7071067811865476,0.7071067811865476,0.0,0.0,-12.32691165665816,4215.534296188868,5318.530945682411
672.2408026755853,0.7071067811865476,0.7071067811865476,0.0,0.0,-12.32691165665816,4215.534296188868,5318.530945682411
675.5852842809364,0.7071067811865476,0.7071067811865476,0.0,0.0,-12.32691165665816,4215.534296188868,5318.530945682411
678.9297658862877,0.7071067811865476,0.7071067811865476,0.0,0.0,-12.32691165665816,4215.534296188868,5318.530945682411
682.2742474916388,0.7071067811865476,0.7071067811865476,0.0,0.0,-12.32691165665816,4215.534296188868,5318.530945682411
685.6187290969899,0.7071067811865476,0.7071067811865476,0.0,0.0,-12.32691165665816,4215.534296188868,5318.530945682411
688.9632107023411,0.7071067811865476,0.7071067811865476,0.0,0.0,-12.32691165665816,4215.534296188868,5318.530945682411
692.3076923076923,0.7071067811865476,0.7071067811865476,0.0,0.0,-12.32691165665816,4215.534296188868,5318.530945682411
695.6521739130435,0.7071067811865476,0.7071067811865476,0.0,0.0,-12.32691165665816,4215.534296188868,5318.530945682411
698.9966555183946,0.7071067811865476,0.7071067811865476,0.0,0.0,-12.32691165665816,4215.534296188868,5318.530945682411
702.3411371237459,0.7071067811865476,0.7071067811865476,0.0,0.0,-12.32691165665816,4215.534296188868,5318.530945682411
705.685618729097,0.7071067811865476,0.7071067811865476,0.0,0.0,-12.32691165665816,4215.534296188868,5318.530945682411
709.0301003344482,0.7071067811865476,0.7071067811865476,0.0,0.0,-12.32691165665816,4215.534296188868,5318.530945682411
712.3745819397993,0.7071067811865476,0.7071067811865476,0.0,0.0,-12.32691165665816,4215.534296188868,5318.530945682411
715.7190635451504,0.7071067811865476,0.7071067811865476,0.0,0.0,-12.32691165665816,4215.534296188868,5318.530945682411
719.0635451505017,0.7071067811865476,0.7071067811865476,0.0,0.0,-12.32691165665816,4215.534296188868,5318.530945682411
722.4080267558528,0.7071067811865476,0.7071067811865476,0.0,0.0,-12.32691165665816,4215.534296188868,5318.530945682411
725.752508361204,0.7071067811865476,0.7071067811865476,0.0,0.0,-12.32691165665816,4215.534296188868,5318.530945682411
729.0969899665552,0.7071067811865476,0.7071067811865476,0.0,0.0,-12.32691165665816,4215.534296188868,5318.530945682411
732.4414715719064,0.7071067811865476,0.7071067811865476,0.0,0.0,-12.32691165665816,4215.534296188868,5318.530945682411
735.7859531772575,0.7071067811865476,0.7071067811865476,0.0,0.0,-12.32691165665816,4215.534296188868,5318.530945682411
739.1304347826087,0.7071067811865476,0.7071067811865476,0.0,0.0,-12.32691165665816,4215.534296188868,5318.530945682411
742.4749163879599,0.7071067811865476,0.7071067811865476,0.0,0.0,-12.32691165665816,4215.534296188868,5318.530945682411
745.819397993311,0.7071067811865476,0.7071067811865476,0.0,0.0,-12.32691165665816,4215.534296188868,5318.530945682411
749.1638795986622,0.7071067811865476,0.7071067811865476,0.0,0.0,-12.32691165665816,4215.534296188868,5318.530945682411
752.5083612040133,0.7071067811865476,0.7071067811865476,0.0,0.0,-12.32691165665816,4215.534296188868,5318.530945682411
755.8528428093646,0.7071067811865476,0.7071067811865476,0.0,0.0,-12.32691165665816,4215.534296188868,5318.530945682411
759.1973244147157,0.7071067811865476,0.7071067811865476,0.0,0.0,-12.32691165665816,4215.534296188868,5318.530945682411
762.5418060200669,0.7071067811865476,0.7071067811865476,0.0,0.0,-12.32691165665816,4215.534296188868,5318.530945682411
765.886287625418,0.7071067811865476,0.7071067811865476,0.0,0.0,-12.32691165665816,4215.534296188868,5318.530945682411
769.2307692307693,0.7071067811865476,0.7071067811865476,0.0,0.0,-12.32691165665816,4215.534296188868,5318.530945682411
772.5752508361204,0.7071067811865476,0.7071067811865476,0.0,0.0,-12.32691165665816,4215.534296188868,5318.530945682411
775.9197324414715,0.7071067811865476,0.7071067811865476,0.0,0.0,-12.32691165665816,4215.534296188868,5318.530945682411
779.2642140468228,0.7071067811865476,0.7071067811865476,0.0,0.0,-12.32691165665816,4215.534296188868,5318.530945682411
782.6086956521739,0.7071067811865476,0.7071067811865476,0.0,0.0,-12.32691165665816,4215.534296188868,5318.530945682411
785.9531772575251,0.7071067811865476,0.7071067811865476,0.0,0.0,-12.32691165665816,4215.534296188868,5318.530945682411
789.2976588628762,0.7071067811865476,0.7071067811865476,0.0,0.0,-12.32691165665816,4215.534296188868,5318.530945682411
792.6421404682275,0.7071067811865476,0.7071067811865476,0.0,0.0,-12.32691165665816,4215.534296188868,5318.530945682411
795.9866220735786,0.7071067811865476,0.7071067811865476,0.0,0.0,-12.32691165665816,4215.534296188868,5318.530945682411
799.3311036789297,0.7071067811865476,0.7071067811865476,0.0,0.0,-12.32691165665816,4215.534296188868,5318.530945682411
802.6755852842809,0.7071067811865476,0.7071067811865476,0.0,0.0,-12.32691165665816,4215.534296188868,5318.530945682411
806.0200668896321,0.7071067811865476,0.7071067811865476,0.0,0.0,-12.32691165665816,4215.534296188868,5318.530945682411
809.3645484949833,0.7071067811865476,0.7071067811865476,0.0,0.0,-12.32691165665816,4215.534296188868,5318.530945682411
812.7090301003344,0.7071067811865476,0.7071067811865476,0.0,0.0,-12.32691165665816,4215.534296188868,5318.530945682411
816.0535117056857,0.7071067811865476,0.7071067811865476,0.0,0.0,-12.32691165665816,4215.534296188868,5318.530945682411
819.3979933110368,0.7071067811865476,0.7071067811865476,0.0,0.0,-12.32691165665816,4215.534296188868,5318.530945682411
822.742474916388,0.7071067811865476,0.7071067811865476,0.0,0.0,-12.32691165665816,4215.534296188868,5318.530945682411
826.0869565217391,0.7071067811865476,0.7071067811865476,0.0,0.0,-12.32691165665816,4215.534296188868,5318.530945682411
829.4314381270902,0.7071067811865476,0.7071067811865476,0.0,0.0,-12.32691165665816,4215.534296188868,5318.530945682411
832.7759197324415,0.7071067811865476,0.7071067811865476,0.0,0.0,-12.32691165665816,4215.534296188868,5318.530945682411
836.1204013377926,0.7071067811865476,0.7071067811865476,0.0,0.0,-12.32691165665816,4215.534296188868,5318.530945682411
839.4648829431438,0.7071067811865476,0.7071067811865476,0.0,0.0,-12.32691165665816,4215.534296188868,5318.530945682411
842.809364548495,0.7071067811865476,0.7071067811865476,0.0,0.0,-12.32691165665816,4215.534296188868,5318.530945682411
846.1538461538462,0.7071067811865476,0.7071067811865476,0.0,0.0,-12.32691165665816,4215.534296188868,5318.530945682411
849.4983277591973,0.7071067811865476,0.7071067811865476,0.0,0.0,-12.32691165665816,4215.534296188868,5318.530945682411
852.8428093645485,0.7071067811865476,0.7071067811865476,0.0,0.0,-12.32691165665816,4215.534296188868,5318.530945682411
856.1872909698997,0.7071067811865476,0.7071067811865476,0.0,0.0,-12.32691165665816,4215.534296188868,5318.530945682411
859.5317725752508,0.7071067811865476,0.7071067811865476,0.0,0.0,-12.32691165665816,4215.534296188868,5318.530945682411
862.876254180602,0.7071067811865476,0.7071067811865476,0.0,0.0,-12.32691165665816,4215.534296188868,5318.530945682411
866.2207357859531,0.7071067811865476,0.7071067811865476,0.0,0.0,-12.32691165665816,4215.534296188868,5318.530945682411
869.5652173913044,0.7071067811865476,0.7071067811865476,0.0,0.0,-12.32691165665816,4215.534296188868,5318.530945682411
872.9096989966555,0.7071067811865476,0.7071067811865476,0.0,0.0,-12.32691165665816,4215.534296188868,5318.530945682411
876.2541806020067,0.7071067811865476,0.7071067811865476,0.0,0.0,-12.32691165665816,4215.534296188868,5318.530945682411
879.5986622073578,0.7071067811865476,0.7071067811865476,0.0,0.0,-12.32691165665816,4215.534296188868,5318.530945682411
882.9431438127091,0.7071067811865476,0.7071067811865476,0.0,0.0,-12.32691165665816,4215.534296188868,5318.530945682411
886.2876254180602,0.7071067811865476,0.7071067811865476,0.0,0.0,-12.32691165665816,4215.534296188868,5318.530945682411
889.6321070234113,0.7071067811865476,0.7071067811865476,0.0,0.0,-12.32691165665816,4215.534296188868,5318.530945682411
892.9765886287626,0.7071067811865476,0.7071067811865476,0.0,0.0,-12.32691165665816,4215.534296188868,5318.530945682411
896.3210702341137,0.7071067811865476,0.7071067811865476,0.0,0.0,-12.32691165665816,4215.534296188868,5318.530945682411
899.6655518394649,0.7071067811865476,0.7071067811865476,0.0,0.0,-12.32691165665816,4215.534296188868,5318.530945682411
903.010033444816,0.7071067811865476,0.7071067811865476,0.0,0.0,-12.32691165665816,4215.534296188868,5318.530945682411
906.3545150501673,0.7071067811865476,0.7071067811865476,0.0,0.0,-12.32691165665816,4215.534296188868,5318.530945682411
909.6989966555184,0.7071067811865476,0.7071067811865476,0.0,0.0,-12.32691165665816,4215.534296188868,5318.530945682411
913.0434782608696,0.7071067811865476,0.7071067811865476,0.0,0.0,-12.32691165665816,4215.534296188868,5318.530945682411
916.3879598662207,0.7071067811865476,0.7071067811865476,0.0,0.0,-12.32691165665816,4215.534296188868,5318.530945682411
919.7324414715719,0.7071067811865476,0.7071067811865476,0.0,0.0,-12.32691165665816,4215.534296188868,5318.530945682411
923.0769230769231,0.7071067811865476,0.7071067811865476,0.0,0.0,-12.32691165665816,4215.534296188868,5318.530945682411
926.4214046822742,0.7071067811865476,0.7071067811865476,0.0,0.0,-12.32691165665816,4215.534296188868,5318.530945682411
929.7658862876254,0.7071067811865476,0.7071067811865476,0.0,0.0,-12.32691165665816,4215.534296188868,5318.530945682411
933.1103678929766,0.7071067811865476,0.7071067811865476,0.0,0.0,-12.32691165665816,4215.534296188868,5318.530945682411
936.4548494983278,0.7071067811865476,0.7071067811865476,0.0,0.0,-12.32691165665816,4215.534296188868,5318.530945682411
939.7993311036789,0.7071067811865476,0.7071067811865476,0.0,0.0,-12.32691165665816,4215.534296188868,5318.530945682411
943.14381270903,0.7071067811865476,0.7071067811865476,0.0,0.0,-12.32691165665816,4215.534296188868,5318.530945682411
946.4882943143813,0.7071067811865476,0.7071067811865476,0.0,0.0,-12.32691165665816,4215.534296188868,5318.530945682411
949.8327759197324,0.7071067811865476,0.7071067811865476,0.0,0.0,-12.32691165665816,4215.534296188868,5318.530945682411
953.1772575250836,0.7071067811865476,0.7071067811865476,0.0,0.0,-12.32691165665816,4215.534296188868,5318.530945682411
956.5217391304348,0.7071067811865476,0.7071067811865476,0.0,0.0,-12.32691165665816,4215.534296188868,5318.530945682411
959.866220735786,0.7071067811865476,0.7071067811865476,0.0,0.0,-12.32691165665816,4215.534296188868,5318.530945682411
963.2107023411371,0.7071067811865476,0.7071067811865476,0.0,0.0,-12.32691165665816,4215.534296188868,5318.530945682411
966.5551839464883,0.7071067811865476,0.7071067811865476,0.0,0.0,-12.32691165665816,4215.534296188868,5318.530945682411
969.8996655518395,0.7071067811865476,0.7071067811865476,0.0,0.0,-12.32691165665816,4215.534296188868,5318.530945682411
973.2441471571906,0.7071067811865476,0.7071067811865476,0.0,0.0,-12.32691165665816,4215.534296188868,5318.530945682411
976.5886287625418,0.7071067811865476,0.7071067811865476,0.0,0.0,-12.32691165665816,4215.534296188868,5318.530945682411
979.9331103678929,0.7071067811865476,0.7071067811865476,0.0,0.0,-12.32691165665816,4215.534296188868,5318.530945682411
983.2775919732442,0.7071067811865476,0.7071067811865476,0.0,0.0,-12.32691165665816,4215.534296188868,5318.530945682411
986.6220735785953,0.7071067811865476,0.7071067811865476,0.0,0.0,-12.32691165665816,4215.534296188868,5318.530945682411
989.9665551839465,0.7071067811865476,0.7071067811865476,0.0,0.0,-12.32691165665816,4215.534296188868,5318.530945682411
993.3110367892976,0.7071067811865476,0.7071067811865476,0.0,0.0,-12.32691165665816,4215.534296188868,5318.530945682411
996.6555183946489,0.7071067811865476,0.7071067811865476,0.0,0.0,-12.32691165665816,4215.534296188868,5318.530945682411
1000.0,0.7071067811865476,0.7071067811865476,0.0,0.0,-12.32691165665816,4215.534296188868,5318.530945682411
